"1571","arts, culture, entertainment and media"
"1581","crime, law and justice"
"1586","disaster, accident and emergency incident"
"1591","economy, business and finance"
"1596","education"
"1601","environment"
"1606","health"
"1611","human interest"
"1621","lifestyle and leisure"
"1626","politics"
"1636","science and technology"
"1641","society"
"1646","sport"
"1656","research"
"1661","all campus messages"
"2531","PSU News"
"2536","Inside PSU"
"2541","Currently"
"2546","grants"
"2551","people"
"2556","presented"
"2561","published, exhibited"
"3301","community impact"
"3321","philanthropy"
